ts,k,cell,gen_tokens,tok_s,acc_pct,tau,ms_step,pos_acc_pct_profile
2026-08-06T08:35Z,1,prose-think-1024,1024,74.1,77.9,0.78,24.0,78
2026-08-06T08:35Z,1,prose-nothink-1024,1024,77.1,69.7,0.70,22.0,70
2026-08-06T08:38Z,2,prose-think-1024,1024,86.8,61.7,1.23,25.7,76/47
2026-08-06T08:38Z,2,prose-nothink-1024,1024,82.8,54.2,1.08,25.2,68/40
2026-08-06T08:42Z,3,prose-think-1024,1024,88.4,50.0,1.50,28.2,74/46/30
2026-08-06T08:42Z,3,prose-nothink-1024,1024,90.0,41.4,1.24,25.0,69/39/17
2026-08-06T08:45Z,4,prose-think-1024,1024,92.9,41.7,1.67,28.7,74/43/29/20
2026-08-06T08:45Z,4,prose-nothink-1024,1024,82.6,32.6,1.30,27.9,66/39/17/8
2026-08-06T08:46Z,4,math-think-2048,2048,144.4,78.9,3.16,28.8,92/83/74/66
2026-08-06T08:46Z,4,math-nothink-1024,636,152.8,82.4,3.30,28.1,96/89/77/68
2026-08-06T08:46Z,4,code-nothink-1024,1024,125.7,63.7,2.55,28.2,85/70/55/45
2026-08-06T08:46Z,4,code-think-2048,2048,109.4,53.1,2.13,28.6,78/58/43/33
2026-08-06T08:51Z,5,math-think-2048,2048,137.3,73.8,3.69,34.1,92/82/73/65/57
2026-08-06T08:51Z,5,math-nothink-1024,636,158.9,78.2,3.91,30.8,97/88/81/68/57
2026-08-06T08:51Z,5,code-nothink-1024,1024,124.5,56.6,2.83,30.7,87/70/52/41/34
2026-08-06T08:52Z,5,code-think-2048,2048,110.1,48.2,2.41,31.0,78/58/45/35/25
2026-08-06T08:57Z,6,math-think-2048,2048,137.1,70.0,4.20,37.9,92/83/75/66/56/48
2026-08-06T08:57Z,6,math-nothink-1024,636,155.2,72.1,4.33,34.1,98/88/80/68/56/43
2026-08-06T08:57Z,6,code-nothink-1024,1024,121.5,51.0,3.06,33.5,86/69/52/40/33/26
2026-08-06T08:57Z,6,code-think-2048,2048,104.6,42.2,2.53,33.7,78/58/44/32/23/18
2026-08-06T09:02Z,8,math-think-2048,2048,147.7,61.4,4.91,39.9,92/84/74/67/59/48/38/30
2026-08-06T09:02Z,8,math-nothink-1024,636,163.0,61.0,4.88,36.1,94/85/76/64/53/43/38/35
2026-08-06T09:02Z,8,code-nothink-1024,1024,119.3,40.8,3.26,35.8,85/67/49/37/29/23/20/16
2026-08-06T09:03Z,8,code-think-2048,2048,102.5,33.7,2.70,36.1,77/57/43/31/23/17/12/10
2026-08-06T09:06Z,5,prose-think-1024,1024,91.5,36.5,1.82,30.8,75/45/30/20/13
2026-08-06T09:06Z,5,prose-nothink-1024,1024,77.6,26.9,1.35,30.2,67/39/17/9/4
2026-08-06T09:09Z,5,prose-think-1024+gate,1024,90.3,36.5,1.82,31.2,75/45/30/20/13
2026-08-06T09:09Z,5,prose-nothink-1024+gate,1024,77.3,26.9,1.35,30.4,67/39/17/9/4
2026-08-06T09:09Z,5,math-think-2048+gate,2048,149.5,73.8,3.69,31.4,92/82/73/65/57
2026-08-06T09:09Z,5,math-nothink-1024+gate,636,158.6,78.2,3.91,30.8,97/88/81/68/57
2026-08-06T09:09Z,5,code-nothink-1024+gate,1024,124.3,56.6,2.83,30.7,87/70/52/41/34
2026-08-06T09:09Z,5,code-think-2048+gate,2048,109.9,48.2,2.41,31.1,78/58/45/35/25
2026-08-06T09:16Z,4,prose-think-1024+gate2,1024,90.2,41.7,1.67,29.6,74/43/29/20
2026-08-06T09:17Z,4,prose-nothink-1024+gate2,1024,80.0,32.6,1.30,28.8,66/39/17/8
2026-08-06T09:17Z,4,math-think-2048+gate2,2048,140.0,78.9,3.16,29.7,92/83/74/66
2026-08-06T09:17Z,4,math-nothink-1024+gate2,636,147.2,82.4,3.30,29.2,96/89/77/68
2026-08-06T09:17Z,4,code-nothink-1024+gate2,1024,121.5,63.7,2.55,29.2,85/70/55/45
2026-08-06T09:17Z,4,code-think-2048+gate2,2048,106.1,53.2,2.13,29.5,79/58/43/33
2026-08-06T09:24Z,10,math-think-2048,2048,150.4,52.3,5.23,41.4,91/82/73/67/59/46/35/29/24/19
2026-08-06T09:24Z,10,math-nothink-1024,636,172.7,55.0,5.50,37.6,95/85/77/65/54/45/42/36/29/23
2026-08-06T09:24Z,10,code-nothink-1024,1024,120.8,34.9,3.49,37.0,86/68/50/38/29/23/18/14/13/10
2026-08-06T09:24Z,10,code-think-2048,2048,101.1,27.6,2.76,37.2,76/56/41/31/22/16/12/9/7/6
2026-08-06T09:29Z,12,math-think-2048,2048,148.6,46.2,5.54,43.9,91/82/73/66/58/46/36/29/23/19/17/13
2026-08-06T09:29Z,12,math-nothink-1024,636,164.3,47.1,5.66,40.3,95/84/74/62/53/45/40/33/27/20/17/16
2026-08-06T09:29Z,12,code-nothink-1024,1024,115.5,29.8,3.57,39.4,87/68/48/36/28/22/19/15/12/9/8/7
2026-08-06T09:30Z,12,code-think-2048,2048,97.3,23.7,2.85,39.6,78/57/42/30/21/16/11/9/7/6/5/3
2026-08-06T09:46Z,4,prose-think-2048+syncgate,2048,24.1,42.2,1.69,212.1,74/44/30/21
2026-08-06T09:47Z,4,math-think-2048+syncgate,2048,46.3,79.0,3.16,114.3,93/82/74/66
2026-08-06T09:47Z,4,prose-nothink-1024+syncgate,1024,75.4,32.6,1.30,30.6,66/39/17/8
2026-08-06T10:07Z,4,struct-json-1024,1024,151.3,89.0,3.56,30.1,98/92/85/81
2026-08-06T10:07Z,4,struct-csv-1024,1024,139.1,76.3,3.05,29.1,92/83/70/61
2026-08-06T10:10Z,8,struct-json-1024,1024,190.6,78.8,6.30,38.1,98/95/83/80/75/71/67/62
2026-08-06T10:10Z,8,struct-csv-1024,1024,149.9,55.0,4.40,35.8,91/78/65/53/47/40/35/32
2026-08-06T10:13Z,12,struct-json-1024,1024,208.5,66.2,7.94,42.7,95/89/76/72/67/63/63/59/58/54/50/47
2026-08-06T10:13Z,12,struct-csv-1024,1024,156.3,43.3,5.20,39.7,87/73/61/53/47/37/33/30/28/27/25/18
2026-08-06T10:18Z,16,struct-json-1024,1024,144.6,46.6,7.45,58.1,98/96/94/90/88/86/82/81/24/7/0/0/0/0/0/0
2026-08-06T10:18Z,16,struct-csv-1024,1024,306.5,89.1,14.25,49.1,99/94/93/93/91/90/90/90/90/88/88/87/87/84/84/79
2026-08-06T10:23Z,20,struct-json-1024,1024,163.0,83.7,16.73,54.2,98/95/93/93/91/91/91/91/91/90/90/89/89/87/87/84/83/75/41/26
2026-08-06T10:23Z,20,struct-csv-1024,1024,305.7,80.8,16.15,55.8,98/93/92/92/90/88/88/88/88/87/87/85/85/82/82/77/73/70/35/35
2026-08-06T10:43Z,10,struct-json-1024,1024,209.0,71.3,7.13,38.9,97/90/77/74/69/67/65/60/58/56
2026-08-06T10:43Z,10,struct-csv-1024,1024,152.5,47.0,4.70,37.1,91/71/56/50/47/41/33/30/28/24
2026-08-06T11:38Z,15,struct-json-1024,1024,217.3,57.4,8.61,44.0,94/89/75/71/65/64/63/57/55/47/45/42/38/31/25
2026-08-06T11:38Z,15,struct-csv-1024,1024,146.2,36.4,5.45,44.0,89/74/60/52/49/39/33/30/28/28/26/19/10/5/3
2026-08-06T11:38Z,15,math-think-2048,2048,152.8,38.1,5.71,43.7,89/80/73/65/57/46/35/28/23/19/17/12/10/8/7
2026-08-06T11:39Z,15,math-nothink-1024,636,161.4,40.7,6.10,43.8,96/84/76/64/53/43/39/34/29/23/20/18/12/10/8
2026-08-06T11:39Z,15,code-nothink-1024,1024,107.2,24.2,3.64,43.0,86/67/45/35/27/21/18/14/12/9/8/8/6/4/3
2026-08-06T11:39Z,15,code-think-2048,2048,88.5,18.9,2.83,43.3,76/56/41/29/22/16/11/9/7/5/4/3/2/1/1
2026-08-06T11:51Z,16,struct-json-1024+triton,1024,207.0,57.9,9.27,49.5,93/89/81/75/70/68/66/57/55/50/48/46/38/35/30/26
2026-08-06T11:51Z,16,struct-csv-1024+triton,1024,204.2,56.7,9.08,49.2,91/83/75/74/72/67/67/61/59/54/47/46/41/32/20/20
2026-08-06T11:58Z,20,struct-json-1024+triton,1024,143.6,41.9,8.39,65.4,93/79/72/69/65/61/60/52/50/36/35/34/31/28/23/18/11/8/7/7
2026-08-06T11:58Z,20,struct-csv-1024+triton,1024,193.6,48.4,9.68,54.5,93/81/74/71/68/64/64/62/61/56/53/52/40/35/24/16/14/14/13/12
2026-08-06T12:04Z,24,struct-json-1024+triton,1024,139.0,37.7,9.06,72.2,92/78/66/62/59/59/58/50/50/36/35/33/31/29/25/25/21/18/16/15/15/14/10/10
2026-08-06T12:04Z,24,struct-csv-1024+triton,1024,180.2,40.9,9.82,59.8,94/82/72/69/67/64/62/61/60/55/45/42/38/27/21/18/15/14/13/13/13/13/13/13
2026-08-06T12:14Z,16,prose-think-1024+triton,1024,251.5,75.9,12.14,52.2,97/95/95/94/94/94/94/90/90/77/77/67/59/55/19/19
2026-08-06T12:15Z,16,prose-nothink-1024+triton,1024,50.9,9.1,1.45,48.1,70/39/18/10/4/3/1/0/0/0/0/0/0/0/0/0
2026-08-06T12:15Z,16,math-think-2048+triton,1139,128.6,34.2,5.48,50.3,88/79/70/59/48/41/36/28/23/18/14/12/10/7/7/6
2026-08-06T12:15Z,16,math-nothink-1024+triton,640,131.1,34.2,5.47,49.3,89/77/71/56/47/42/40/31/26/19/14/11/8/5/5/5
2026-08-06T12:15Z,16,code-nothink-1024+triton,1024,108.3,27.7,4.43,49.7,84/71/58/49/43/35/27/21/15/11/7/6/5/5/4/3
2026-08-06T12:15Z,16,code-think-2048+triton,2048,76.5,19.5,3.13,54.0,79/61/45/33/26/20/15/10/8/5/4/2/2/1/1/0
2026-08-06T12:21Z,10,prose-think-1024+triton,1024,202.7,93.0,9.30,50.5,98/96/96/95/95/95/95/90/90/80
2026-08-06T12:22Z,10,prose-nothink-1024+triton,1024,63.2,13.6,1.36,37.2,69/37/18/7/3/2/1/0/0/0
2026-08-06T12:22Z,10,math-think-2048+triton,1852,146.6,50.8,5.08,41.4,92/84/74/63/51/42/35/28/22/18
2026-08-06T12:22Z,10,math-nothink-1024+triton,666,161.6,48.5,4.85,36.1,89/79/69/59/50/41/35/28/20/15
2026-08-06T12:22Z,10,code-nothink-1024+triton,1024,158.4,48.0,4.80,36.3,87/75/64/56/50/42/35/29/24/18
2026-08-06T12:22Z,10,code-think-2048+triton,2048,95.2,29.2,2.92,41.2,79/61/46/35/26/16/10/9/6/4
2026-08-06T12:56Z,5,boiler-crud-think-2048,2048,109.6,49.2,2.46,31.6,81/61/45/33/25
2026-08-06T12:56Z,5,boiler-crud-nothink-1024,1024,140.6,66.8,3.34,30.9,94/80/64/53/42
2026-08-06T12:56Z,5,boiler-sql-nothink-1024,1024,158.8,78.4,3.92,31.0,96/89/76/69/62
2026-08-06T12:59Z,10,boiler-crud-think-2048,2048,136.9,43.0,4.30,38.6,82/66/56/45/40/33/30/27/26/25
2026-08-06T12:59Z,10,boiler-crud-nothink-1024,1024,131.2,40.0,4.00,38.1,92/77/60/46/36/27/19/17/13/12
2026-08-06T12:59Z,10,boiler-sql-nothink-1024,1024,171.8,56.3,5.63,38.5,92/86/77/64/54/49/45/38/32/26
2026-08-06T13:02Z,15,boiler-crud-think-2048,2048,92.8,20.4,3.05,43.7,79/58/43/32/23/17/14/11/9/7/4/4/2/2/2
2026-08-06T13:02Z,15,boiler-crud-nothink-1024,1024,120.0,27.8,4.18,43.1,92/76/60/45/35/27/19/17/13/11/8/5/4/3/2
2026-08-06T13:02Z,15,boiler-sql-nothink-1024,1024,166.4,41.9,6.29,43.6,90/85/74/63/55/52/45/38/31/23/23/21/12/10/7
2026-08-06T15:04Z,15,struct-json-1024+ngram,1024,26.7,10.9,1.61,136.6,51/36/22/21/13/6/6/2/2/1/0/0/0/0/0
2026-08-06T15:04Z,15,struct-csv-1024+ngram,1024,102.7,75.1,10.59,120.1,78/76/72/72/70/70/70/70/69/69/69/69/69/69/69
2026-08-06T17:46Z,4,prose-think-1024+abours4,1024,94.9,41.7,1.67,28.1,74/43/29/20
2026-08-06T17:46Z,4,prose-nothink-1024+abours4,1024,82.4,32.6,1.30,28.0,66/39/17/8
2026-08-06T17:47Z,4,math-think-2048+abours4,2048,144.0,78.9,3.16,28.8,92/83/74/66
2026-08-06T17:47Z,4,math-nothink-1024+abours4,636,152.2,82.4,3.30,28.2,96/89/77/68
2026-08-06T17:47Z,4,code-nothink-1024+abours4,1024,125.3,63.7,2.55,28.3,85/70/55/45
2026-08-06T17:47Z,4,code-think-2048+abours4,2048,109.3,53.2,2.13,28.7,79/58/43/33
2026-08-06T17:50Z,10,math-think-2048+abours10,2048,160.6,52.7,5.27,39.0,91/82/73/67/59/47/35/29/24/20
2026-08-06T17:50Z,10,math-nothink-1024+abours10,636,168.5,55.0,5.50,38.5,95/85/77/65/54/45/42/36/29/23
2026-08-06T17:50Z,10,code-nothink-1024+abours10,1024,118.7,34.9,3.49,37.7,86/68/50/38/29/23/18/14/13/10
2026-08-06T17:50Z,10,code-think-2048+abours10,2048,101.2,27.7,2.77,37.3,76/56/41/31/23/16/12/9/7/6
2026-08-06T17:50Z,10,struct-json-1024+abours10,1024,216.8,71.3,7.13,37.5,97/90/77/74/69/67/65/60/58/56
2026-08-06T17:51Z,10,struct-csv-1024+abours10,1024,152.8,47.0,4.70,37.0,91/71/56/50/47/41/33/30/28/24
2026-08-06T17:54Z,4,prose-think-1024+abawq4,1024,82.7,42.9,1.72,32.8,74/48/30/20
2026-08-06T17:54Z,4,prose-nothink-1024+abawq4,1024,76.6,37.3,1.49,32.5,73/44/21/11
2026-08-06T17:54Z,4,math-think-2048+abawq4,2048,122.4,73.5,2.94,32.2,89/79/69/57
2026-08-06T17:54Z,4,math-nothink-1024+abawq4,708,134.0,80.4,3.21,31.4,96/86/76/64
2026-08-06T17:55Z,4,code-nothink-1024+abawq4,1024,129.3,77.2,3.09,31.6,96/84/71/57
2026-08-06T17:55Z,4,code-think-2048+abawq4,2048,120.7,71.6,2.86,32.0,92/78/64/53
2026-08-06T17:55Z,4,struct-json-1024+abawq4,1024,148.7,93.1,3.72,31.7,99/95/92/87
2026-08-06T17:55Z,4,struct-csv-1024+abawq4,1024,113.6,64.4,2.58,31.5,88/72/55/43
2026-08-06T17:58Z,10,math-think-2048+abawq10,2048,113.1,43.6,4.36,47.4,86/74/63/51/41/34/28/24/19/16
2026-08-06T17:58Z,10,math-nothink-1024+abawq10,708,136.9,50.8,5.08,44.2,95/84/74/60/50/40/34/28/24/20
2026-08-06T17:59Z,10,code-nothink-1024+abawq10,1024,127.9,46.4,4.64,44.0,92/82/68/54/42/35/29/24/20/18
2026-08-06T17:59Z,10,code-think-2048+abawq10,2048,113.1,39.6,3.96,43.9,89/74/62/50/38/28/22/15/11/8
2026-08-06T17:59Z,10,struct-json-1024+abawq10,1024,200.2,77.8,7.78,43.7,99/94/85/81/78/75/73/69/63/60
2026-08-06T17:59Z,10,struct-csv-1024+abawq10,1024,101.3,32.6,3.26,42.1,86/68/51/41/28/20/15/9/5/4
2026-08-07T04:15Z,15,struct-json-1024+dflash,1024,92.5,53.3,8.00,97.1,89/75/68/64/63/61/54/49/48/46/46/39/38/32/26
2026-08-07T04:15Z,15,struct-csv-1024+dflash,1024,61.6,29.2,4.38,87.5,84/67/49/43/34/28/24/22/21/18/17/14/9/5/4
2026-08-07T04:16Z,15,math-think-2048+dflash,2048,69.9,34.1,5.12,87.0,87/74/64/53/45/37/31/25/20/18/17/14/11/9/7
2026-08-07T04:16Z,15,math-nothink-1024+dflash,636,75.4,37.0,5.56,86.9,89/73/63/53/43/38/35/32/31/29/25/18/14/7/6
2026-08-07T04:16Z,15,code-nothink-1024+dflash,1024,48.4,21.3,3.19,86.7,80/61/47/35/26/19/15/10/7/6/5/3/2/2/1
2026-08-07T04:17Z,15,code-think-2048+dflash,2048,40.4,16.9,2.53,87.4,76/52/36/26/19/15/9/7/5/3/2/1/1/1/1
2026-08-07T04:22Z,23,struct-json-1024+dflash,1024,81.9,34.2,7.85,106.9,90/79/68/66/63/60/54/50/48/46/40/33/29/21/17/9/6/5/3/0/0/0/0
2026-08-07T04:22Z,23,struct-csv-1024+dflash,1024,46.3,14.9,3.43,95.0,85/70/50/41/30/19/12/9/8/6/5/3/2/1/1/0/0/0/0/0/0/0/0
2026-08-07T04:23Z,23,math-think-2048+dflash,2048,60.1,20.8,4.79,95.8,87/76/63/52/43/35/27/22/18/14/12/8/6/5/3/2/2/1/1/0/0/0/0
2026-08-07T04:23Z,23,math-nothink-1024+dflash,636,61.3,21.3,4.90,96.1,91/76/61/47/39/32/29/24/23/18/14/13/10/6/3/2/1/1/0/0/0/0/0
2026-08-07T04:23Z,23,code-nothink-1024+dflash,1024,41.4,12.8,2.93,95.2,79/62/44/32/23/15/12/7/5/3/2/2/2/1/1/1/1/0/0/0/0/0/0
2026-08-07T04:24Z,23,code-think-2048+dflash,2048,34.6,10.0,2.30,95.4,75/50/36/25/15/11/7/5/3/1/1/0/0/0/0/0/0/0/0/0/0/0/0
2026-08-07T04:33Z,23,struct-json-1024+dflashcap,1024,16.8,1.6,0.37,82.0,19/1/1/1/1/1/1/1/1/1/1/1/1/1/1/1/1/1/1/1/1/1/1
2026-08-07T04:33Z,23,struct-csv-1024+dflashcap,1024,187.9,64.6,14.86,83.8,95/92/91/88/88/86/86/85/85/85/85/85/85/85/85/51/51/42/40/0/0/0/0
2026-08-10T00:33Z,15,struct-json-1024+ngramgpu,1024,26.9,5.4,0.80,67.0,26/18/11/11/6/3/3/1/1/0/0/0/0/0/0
2026-08-10T00:33Z,15,struct-csv-1024+ngramgpu,1024,103.7,37.3,5.60,62.9,41/40/38/38/37/37/37/37/36/36/36/36/36/36/36
2026-08-10T00:46Z,15,struct-json-1024+ngramgpu4k,1024,30.8,5.3,0.79,58.2,25/18/11/11/6/3/3/1/1/0/0/0/0/0/0
2026-08-10T00:46Z,15,struct-csv-1024+ngramgpu4k,1024,116.2,37.3,5.60,56.1,41/40/38/38/37/37/37/37/36/36/36/36/36/36/36
2026-08-10T00:51Z,15,struct-json-1024+ngramcpu4k,1024,27.4,11.2,1.65,135.2,52/37/23/22/13/6/6/2/2/1/0/0/0/0/0
2026-08-10T00:51Z,15,struct-csv-1024+ngramcpu4k,1024,105.4,75.1,10.59,117.0,78/76/72/72/70/70/70/70/69/69/69/69/69/69/69
2026-08-10T01:03Z,15,struct-json-1024+ngramgpunopad,1024,27.6,5.4,0.80,65.5,26/18/11/11/6/3/3/1/1/0/0/0/0/0/0
2026-08-10T01:03Z,15,struct-csv-1024+ngramgpunopad,1024,100.9,37.3,5.60,64.6,41/40/38/38/37/37/37/37/36/36/36/36/36/36/36
2026-08-10T01:59Z,0,extract-nothink-512+plainref,512,87.4,0.0,0.00,0.0,
2026-08-10T02:01Z,15,extract-nothink-512+warm,512,239.7,97.4,14.61,64.7,100/100/97/97/97/97/97/97/97/97/97/97/97/97/97
2026-08-10T02:01Z,15,extract-nothink-512,512,303.9,97.4,14.61,51.1,100/100/97/97/97/97/97/97/97/97/97/97/97/97/97
2026-08-10T02:04Z,10,extract-nothink-512+warm,512,226.1,100.0,10.00,48.2,100/100/100/100/100/100/100/100/100/100
2026-08-10T02:04Z,10,extract-nothink-512,512,254.9,100.0,10.00,42.7,100/100/100/100/100/100/100/100/100/100
2026-08-10T06:33Z,0,extract-nothink-512+plainq,512,88.0,0.0,0.00,0.0,
2026-08-10T07:13Z,7,math-think-2048+qpnwarm,2048,125.5,65.2,4.56,22.4,92/82/74/66/59/46/38
2026-08-10T07:13Z,7,math-nothink-1024+qpnwarm,636,136.8,65.5,4.59,20.2,97/86/79/66/51/42/39
2026-08-10T07:13Z,7,code-nothink-1024+qpnwarm,1024,124.4,46.7,3.27,17.1,87/70/52/41/31/26/21
2026-08-10T07:13Z,7,code-think-2048+qpnwarm,2048,107.0,37.4,2.62,16.9,78/56/43/32/23/18/13
2026-08-10T07:13Z,10,math-think-2048+qpnwarm,2048,125.5,65.4,4.58,22.1,92/82/74/66/59/47/38
2026-08-10T07:13Z,10,math-nothink-1024+qpnwarm,636,154.4,64.3,4.50,17.8,97/85/78/65/50/40/37
2026-08-10T07:13Z,10,code-nothink-1024+qpnwarm,1024,123.7,46.8,3.27,17.1,87/70/52/41/31/26/21
2026-08-10T07:13Z,10,code-think-2048+qpnwarm,2048,104.6,37.4,2.62,17.3,78/56/43/32/23/18/12
2026-08-10T07:13Z,7,math-think-2048+qpn,2048,157.1,64.9,4.54,17.8,92/82/73/66/58/46/37
2026-08-10T07:13Z,7,math-nothink-1024+qpn,636,154.6,65.2,4.57,17.9,97/86/79/66/51/41/38
2026-08-10T07:14Z,7,code-nothink-1024+qpn,1024,124.5,47.1,3.30,17.1,87/70/52/41/32/26/21
2026-08-10T07:14Z,7,code-think-2048+qpn,2048,107.2,37.3,2.61,16.9,78/56/43/31/23/18/12
2026-08-10T07:13Z,10,math-think-2048+qpn,2048,161.4,65.2,4.56,17.2,92/82/74/66/59/46/38
2026-08-10T07:13Z,10,math-nothink-1024+qpn,636,154.3,64.0,4.48,17.8,97/85/77/64/50/40/37
2026-08-10T07:14Z,10,code-nothink-1024+qpn,1024,123.8,46.5,3.26,17.1,86/69/51/41/31/26/21
2026-08-10T07:14Z,10,code-think-2048+qpn,2048,106.8,37.6,2.63,17.0,78/57/44/32/23/18/12
2026-08-10T07:14Z,10,extract-nothink-512+qpn,512,209.0,89.0,6.23,18.4,99/96/89/87/85/83/83
2026-08-10T07:14Z,7,struct-json-1024+qpn,1024,178.5,80.8,5.66,19.3,97/94/86/80/74/70/65
2026-08-10T07:14Z,7,struct-csv-1024+qpn,1024,150.0,62.0,4.34,17.2,92/80/70/63/53/41/35
2026-08-10T07:14Z,7,extract-nothink-512+qpn,512,205.3,82.1,5.75,18.6,95/90/85/83/79/73/69
2026-08-10T07:19Z,7,math-think-2048+qpnwarm,1403,173.3,62.7,4.39,31.1,93/84/71/61/52/43/34
2026-08-10T07:19Z,7,math-nothink-1024+qpnwarm,636,184.2,64.4,4.51,29.8,97/84/78/65/50/41/37
2026-08-10T07:19Z,7,code-nothink-1024+qpnwarm,1024,144.4,46.1,3.23,29.3,87/69/51/40/30/25/20
2026-08-10T07:19Z,7,code-think-2048+qpnwarm,2048,117.8,35.4,2.48,29.5,79/56/40/29/20/15/11
2026-08-10T07:20Z,7,math-think-2048+qpn,1403,182.1,62.7,4.39,29.6,93/84/71/61/52/43/34
2026-08-10T07:20Z,7,math-nothink-1024+qpn,636,186.7,64.4,4.51,29.4,97/84/78/65/50/41/37
2026-08-10T07:20Z,7,code-nothink-1024+qpn,1024,145.0,46.1,3.23,29.2,87/69/51/40/30/25/20
2026-08-10T07:20Z,7,code-think-2048+qpn,2048,118.0,35.4,2.48,29.4,79/56/40/29/20/15/11
2026-08-10T07:20Z,7,struct-json-1024+qpn,1024,223.7,80.5,5.63,29.5,98/94/83/79/74/70/66
2026-08-10T07:20Z,7,struct-csv-1024+qpn,1024,178.5,60.1,4.21,29.1,92/80/69/60/48/38/34
2026-08-10T07:20Z,7,extract-nothink-512+qpn,512,236.6,98.9,6.92,33.3,100/100/98/98/98/98/98
2026-08-10T07:30Z,7,math-think-2048+qpnD,1403,185.4,-,4.39,29.1,
2026-08-10T07:30Z,7,code-nothink-1024+qpnD,1024,147.8,-,3.23,28.6,
2026-08-10T07:30Z,7,struct-json-1024+qpnD,1024,231.0,-,5.63,28.6,
2026-08-10T07:30Z,7,struct-csv-1024+qpnD,1024,182.6,-,4.21,28.5,
2026-08-10T07:30Z,7,extract-nothink-512+qpnD,512,261.0,-,6.92,30.2,
2026-08-10T07:30Z,7,math-think-2048+qpnD,1403,185.6,-,4.39,29.1,
2026-08-10T07:30Z,7,code-nothink-1024+qpnD,1024,147.8,-,3.23,28.6,
2026-08-10T07:30Z,7,struct-json-1024+qpnD,1024,231.1,-,5.63,28.6,
2026-08-10T07:31Z,7,struct-csv-1024+qpnD,1024,182.7,-,4.21,28.4,
2026-08-10T07:31Z,7,extract-nothink-512+qpnD,512,261.3,-,6.92,30.1,
2026-08-10T07:57Z,15,math-think-2048+qpnwarm,2048,139.9,38.4,5.76,48.2,90/82/73/66/58/46/36/28/23/19/17/12/11/8/7
2026-08-10T07:57Z,15,math-nothink-1024+qpnwarm,636,175.2,40.7,6.10,40.3,96/84/76/64/53/43/39/34/29/23/20/18/12/10/8
2026-08-10T07:57Z,15,code-nothink-1024+qpnwarm,1024,116.2,23.8,3.57,39.3,85/66/46/34/26/21/17/14/12/9/8/7/5/4/3
2026-08-10T07:57Z,15,code-think-2048+qpnwarm,2048,98.6,19.2,2.88,39.3,77/56/41/30/22/16/11/9/7/5/5/3/2/2/1
2026-08-10T07:57Z,15,math-think-2048+qpn,2048,170.4,38.4,5.76,39.5,90/82/73/66/58/46/36/28/23/19/17/12/11/8/7
2026-08-10T07:57Z,15,math-nothink-1024+qpn,636,174.8,40.7,6.10,40.4,96/84/76/64/53/43/39/34/29/23/20/18/12/10/8
2026-08-10T07:58Z,15,code-nothink-1024+qpn,1024,116.3,23.8,3.57,39.3,85/66/46/34/26/21/17/14/12/9/8/7/5/4/3
2026-08-10T07:58Z,15,code-think-2048+qpn,2048,97.9,19.2,2.88,39.6,77/56/41/30/22/16/11/9/7/5/5/3/2/2/1
2026-08-10T07:58Z,15,struct-json-1024+qpn,1024,227.0,57.4,8.61,42.2,94/89/75/71/65/64/63/57/55/47/45/42/38/31/25
2026-08-10T07:58Z,15,struct-csv-1024+qpn,1024,158.9,36.6,5.49,40.8,89/74/60/53/49/39/34/31/29/28/26/19/10/5/3
2026-08-10T07:58Z,15,extract-nothink-512+qpn,512,329.7,97.4,14.61,47.1,100/100/97/97/97/97/97/97/97/97/97/97/97/97/97
2026-08-10T07:58Z,15,math-think-2048+qpnD,2048,167.6,-,5.76,40.2,
2026-08-10T07:59Z,15,code-nothink-1024+qpnD,1024,114.8,-,3.57,39.8,
2026-08-10T07:59Z,15,struct-json-1024+qpnD,1024,239.7,-,8.61,39.9,
2026-08-10T07:59Z,15,struct-csv-1024+qpnD,1024,161.8,-,5.49,40.1,
2026-08-10T07:59Z,15,extract-nothink-512+qpnD,512,378.2,-,14.61,41.0,
